Insert into XX_ADDRESS (ADDRESS_ID,ADDRESS_NAME,STREET_NAME,BUILDING_NR,OFFICE_NR,COUNTRY,CITY,POSTAL_CODE) values (1,'ADDRESS_1','Gertrudes iela','25','103','Latvia','Riga','LV-1017');
Insert into XX_ADDRESS (ADDRESS_ID,ADDRESS_NAME,STREET_NAME,BUILDING_NR,OFFICE_NR,COUNTRY,CITY,POSTAL_CODE) values (2,'ADDRESS_2','Skolas iela','45','122','Latvia','Riga','LV-1829');
Insert into XX_ADDRESS (ADDRESS_ID,ADDRESS_NAME,STREET_NAME,BUILDING_NR,OFFICE_NR,COUNTRY,CITY,POSTAL_CODE) values (3,'ADDRESS_3','Brivibas iela','16','456','Latvia','Riga','LV-4569');
Insert into XX_ADDRESS (ADDRESS_ID,ADDRESS_NAME,STREET_NAME,BUILDING_NR,OFFICE_NR,COUNTRY,CITY,POSTAL_CODE) values (4,'ADDRESS_4','Elizabetes iela','5','54','Latvia','Riga','LV-1234');
Insert into XX_ADDRESS (ADDRESS_ID,ADDRESS_NAME,STREET_NAME,BUILDING_NR,OFFICE_NR,COUNTRY,CITY,POSTAL_CODE) values (5,'ADDRESS_5','Salaspils iela','6','32','Latvia','Riga','LV-1212');

Insert into XX_CUSTOMERS (CUSTOMER_ID,CUSTOMER_NAME,ACCOUNT_NUMBER,STATUS,ADDRESS_ID,EMAIL,PHONE_NUMBER,CREATION_DATE,LAST_UPDATE_DATE) values (1,'JavaGuru',1000,'A',1,'javaguru@mail.com','3711111111',to_date('25-MAY-19 00:00:00','DD-MON-RR HH24:MI:SS'),to_date('25-MAY-19 00:00:00','DD-MON-RR HH24:MI:SS'));
Insert into XX_CUSTOMERS (CUSTOMER_ID,CUSTOMER_NAME,ACCOUNT_NUMBER,STATUS,ADDRESS_ID,EMAIL,PHONE_NUMBER,CREATION_DATE,LAST_UPDATE_DATE) values (2,'TopLab',1001,'A',2,'toplab@mail.com','3711111112',to_date('25-MAY-19 00:00:00','DD-MON-RR HH24:MI:SS'),to_date('25-MAY-19 00:00:00','DD-MON-RR HH24:MI:SS'));
Insert into XX_CUSTOMERS (CUSTOMER_ID,CUSTOMER_NAME,ACCOUNT_NUMBER,STATUS,ADDRESS_ID,EMAIL,PHONE_NUMBER,CREATION_DATE,LAST_UPDATE_DATE) values (3,'SeaWhales',1002,'A',3,'seawhales@mail.com','3711111113',to_date('25-MAY-19 00:00:00','DD-MON-RR HH24:MI:SS'),to_date('25-MAY-19 00:00:00','DD-MON-RR HH24:MI:SS'));
Insert into XX_CUSTOMERS (CUSTOMER_ID,CUSTOMER_NAME,ACCOUNT_NUMBER,STATUS,ADDRESS_ID,EMAIL,PHONE_NUMBER,CREATION_DATE,LAST_UPDATE_DATE) values (4,'FruitFabric',1003,'A',4,'fruitfabric@mail.com','3711111114',to_date('25-MAY-19 00:00:00','DD-MON-RR HH24:MI:SS'),to_date('25-MAY-19 00:00:00','DD-MON-RR HH24:MI:SS'));
Insert into XX_CUSTOMERS (CUSTOMER_ID,CUSTOMER_NAME,ACCOUNT_NUMBER,STATUS,ADDRESS_ID,EMAIL,PHONE_NUMBER,CREATION_DATE,LAST_UPDATE_DATE) values (5,'Moto Fans',1004,'A',5,'moto fans@mail.com','3711111115',to_date('25-MAY-19 00:00:00','DD-MON-RR HH24:MI:SS'),to_date('25-MAY-19 00:00:00','DD-MON-RR HH24:MI:SS'));

Insert into XX_ORDERS (ORDER_ID,ORDER_NUMBER,CUSTOMER_ID,SHIPMENT_DATE,STATUS,TOTAL_AMOUNT,CURRENCY,WAREHOUSE_ID,ORDER_DATE,CREATION_DATE,LAST_UPDATE_DATE) values (1,'RI-ORDER-1',1,to_date('27-MAY-19 00:00:00','DD-MON-RR HH24:MI:SS'),'ORDERED',206.5,'EUR',1,to_date('25-MAY-19 00:00:00','DD-MON-RR HH24:MI:SS'),to_date('25-MAY-19 00:00:00','DD-MON-RR HH24:MI:SS'),to_date('25-MAY-19 00:00:00','DD-MON-RR HH24:MI:SS'));
Insert into XX_ORDERS (ORDER_ID,ORDER_NUMBER,CUSTOMER_ID,SHIPMENT_DATE,STATUS,TOTAL_AMOUNT,CURRENCY,WAREHOUSE_ID,ORDER_DATE,CREATION_DATE,LAST_UPDATE_DATE) values (2,'RI-ORDER-2',2,to_date('18-MAY-19 00:00:00','DD-MON-RR HH24:MI:SS'),'ORDERED',411.4,'EUR',2,to_date('16-MAY-19 00:00:00','DD-MON-RR HH24:MI:SS'),to_date('16-MAY-19 00:00:00','DD-MON-RR HH24:MI:SS'),to_date('16-MAY-19 00:00:00','DD-MON-RR HH24:MI:SS'));
Insert into XX_ORDERS (ORDER_ID,ORDER_NUMBER,CUSTOMER_ID,SHIPMENT_DATE,STATUS,TOTAL_AMOUNT,CURRENCY,WAREHOUSE_ID,ORDER_DATE,CREATION_DATE,LAST_UPDATE_DATE) values (3,'RI-ORDER-3',3,to_date('21-MAY-19 00:00:00','DD-MON-RR HH24:MI:SS'),'ORDERED',288.36,'EUR',3,to_date('19-MAY-19 00:00:00','DD-MON-RR HH24:MI:SS'),to_date('19-MAY-19 00:00:00','DD-MON-RR HH24:MI:SS'),to_date('19-MAY-19 00:00:00','DD-MON-RR HH24:MI:SS'));
Insert into XX_ORDERS (ORDER_ID,ORDER_NUMBER,CUSTOMER_ID,SHIPMENT_DATE,STATUS,TOTAL_AMOUNT,CURRENCY,WAREHOUSE_ID,ORDER_DATE,CREATION_DATE,LAST_UPDATE_DATE) values (4,'RI-ORDER-4',4,to_date('27-MAR-19 00:00:00','DD-MON-RR HH24:MI:SS'),'ORDERED',382.2,'EUR',4,to_date('25-MAR-19 00:00:00','DD-MON-RR HH24:MI:SS'),to_date('25-MAR-19 00:00:00','DD-MON-RR HH24:MI:SS'),to_date('25-MAR-19 00:00:00','DD-MON-RR HH24:MI:SS'));
Insert into XX_ORDERS (ORDER_ID,ORDER_NUMBER,CUSTOMER_ID,SHIPMENT_DATE,STATUS,TOTAL_AMOUNT,CURRENCY,WAREHOUSE_ID,ORDER_DATE,CREATION_DATE,LAST_UPDATE_DATE) values (5,'RI-ORDER-5',5,to_date('20-MAR-19 00:00:00','DD-MON-RR HH24:MI:SS'),'ORDERED',35.54,'EUR',5,to_date('18-FEB-19 00:00:00','DD-MON-RR HH24:MI:SS'),to_date('18-FEB-19 00:00:00','DD-MON-RR HH24:MI:SS'),to_date('18-FEB-19 00:00:00','DD-MON-RR HH24:MI:SS'));

Insert into XX_ORDER_LINES (LINE_ID,ORDER_ID,LINE_NUMBER,ITEM_ID,UNIT_PRICE,QUANTITY,STATUS,UOM) values (1,1,1,1,10.5,5,'AWAITING SHIPPING','pcs');
Insert into XX_ORDER_LINES (LINE_ID,ORDER_ID,LINE_NUMBER,ITEM_ID,UNIT_PRICE,QUANTITY,STATUS,UOM) values (2,1,2,2,15.4,10,'AWAITING SHIPPING','pcs');
Insert into XX_ORDER_LINES (LINE_ID,ORDER_ID,LINE_NUMBER,ITEM_ID,UNIT_PRICE,QUANTITY,STATUS,UOM) values (3,2,1,1,10.5,10,'AWAITING SHIPPING','pcs');
Insert into XX_ORDER_LINES (LINE_ID,ORDER_ID,LINE_NUMBER,ITEM_ID,UNIT_PRICE,QUANTITY,STATUS,UOM) values (4,2,2,2,15.4,2,'AWAITING SHIPPING','pcs');
Insert into XX_ORDER_LINES (LINE_ID,ORDER_ID,LINE_NUMBER,ITEM_ID,UNIT_PRICE,QUANTITY,STATUS,UOM) values (5,2,3,3,18.8,8,'AWAITING SHIPPING','pcs');
Insert into XX_ORDER_LINES (LINE_ID,ORDER_ID,LINE_NUMBER,ITEM_ID,UNIT_PRICE,QUANTITY,STATUS,UOM) values (6,2,4,4,25.04,5,'AWAITING SHIPPING','pcs');
Insert into XX_ORDER_LINES (LINE_ID,ORDER_ID,LINE_NUMBER,ITEM_ID,UNIT_PRICE,QUANTITY,STATUS,UOM) values (7,3,1,5,48.06,6,'AWAITING SHIPPING','pcs');
Insert into XX_ORDER_LINES (LINE_ID,ORDER_ID,LINE_NUMBER,ITEM_ID,UNIT_PRICE,QUANTITY,STATUS,UOM) values (8,4,1,2,15.4,18,'AWAITING SHIPPING','pcs');
Insert into XX_ORDER_LINES (LINE_ID,ORDER_ID,LINE_NUMBER,ITEM_ID,UNIT_PRICE,QUANTITY,STATUS,UOM) values (9,4,2,6,15,7,'AWAITING SHIPPING','pcs');
Insert into XX_ORDER_LINES (LINE_ID,ORDER_ID,LINE_NUMBER,ITEM_ID,UNIT_PRICE,QUANTITY,STATUS,UOM) values (10,5,1,1,10.5,1,'AWAITING SHIPPING','pcs');
Insert into XX_ORDER_LINES (LINE_ID,ORDER_ID,LINE_NUMBER,ITEM_ID,UNIT_PRICE,QUANTITY,STATUS,UOM) values (11,5,2,4,25.04,1,'AWAITING SHIPPING','pcs');

Insert into XX_ITEMS (ITEM_ID,DESCRIPTION,NAME,WEIGHT,VOLUME,INVENTORY_STATUS,SELLABLE_STATUS,CREATION_DATE,LAST_UPDATE_DATE) values (1,'DESC_1','ITEM_1',123,34,'Y','Y',to_date('25-MAY-19 00:00:00','DD-MON-RR HH24:MI:SS'),to_date('25-MAY-19 00:00:00','DD-MON-RR HH24:MI:SS'));
Insert into XX_ITEMS (ITEM_ID,DESCRIPTION,NAME,WEIGHT,VOLUME,INVENTORY_STATUS,SELLABLE_STATUS,CREATION_DATE,LAST_UPDATE_DATE) values (2,'DESC_2','ITEM_2',345,345,'Y','Y',to_date('25-MAY-19 00:00:00','DD-MON-RR HH24:MI:SS'),to_date('25-MAY-19 00:00:00','DD-MON-RR HH24:MI:SS'));
Insert into XX_ITEMS (ITEM_ID,DESCRIPTION,NAME,WEIGHT,VOLUME,INVENTORY_STATUS,SELLABLE_STATUS,CREATION_DATE,LAST_UPDATE_DATE) values (3,'DESC_3','ITEM_3',2334,566,'Y','Y',to_date('25-MAY-19 00:00:00','DD-MON-RR HH24:MI:SS'),to_date('25-MAY-19 00:00:00','DD-MON-RR HH24:MI:SS'));
Insert into XX_ITEMS (ITEM_ID,DESCRIPTION,NAME,WEIGHT,VOLUME,INVENTORY_STATUS,SELLABLE_STATUS,CREATION_DATE,LAST_UPDATE_DATE) values (4,'DESC_4','ITEM_4',234,44,'Y','Y',to_date('25-MAY-19 00:00:00','DD-MON-RR HH24:MI:SS'),to_date('25-MAY-19 00:00:00','DD-MON-RR HH24:MI:SS'));
Insert into XX_ITEMS (ITEM_ID,DESCRIPTION,NAME,WEIGHT,VOLUME,INVENTORY_STATUS,SELLABLE_STATUS,CREATION_DATE,LAST_UPDATE_DATE) values (5,'DESC_5','ITEM_5',212,33,'Y','Y',to_date('25-MAY-19 00:00:00','DD-MON-RR HH24:MI:SS'),to_date('25-MAY-19 00:00:00','DD-MON-RR HH24:MI:SS'));
Insert into XX_ITEMS (ITEM_ID,DESCRIPTION,NAME,WEIGHT,VOLUME,INVENTORY_STATUS,SELLABLE_STATUS,CREATION_DATE,LAST_UPDATE_DATE) values (6,'DESC_6','ITEM_6',456,45,'Y','Y',to_date('25-MAY-19 00:00:00','DD-MON-RR HH24:MI:SS'),to_date('25-MAY-19 00:00:00','DD-MON-RR HH24:MI:SS'));

Insert into XX_AVAILABILITY (WAREHOUSE_ID,ITEM_ID,QUANTITY,CREATION_DATE,LAST_UPDATE_DATE) values (1,1,40,to_date('25-MAY-19 00:00:00','DD-MON-RR HH24:MI:SS'),to_date('25-MAY-19 00:00:00','DD-MON-RR HH24:MI:SS'));
Insert into XX_AVAILABILITY (WAREHOUSE_ID,ITEM_ID,QUANTITY,CREATION_DATE,LAST_UPDATE_DATE) values (2,1,90,to_date('25-MAY-19 00:00:00','DD-MON-RR HH24:MI:SS'),to_date('25-MAY-19 00:00:00','DD-MON-RR HH24:MI:SS'));
Insert into XX_AVAILABILITY (WAREHOUSE_ID,ITEM_ID,QUANTITY,CREATION_DATE,LAST_UPDATE_DATE) values (4,1,125,to_date('25-MAY-19 00:00:00','DD-MON-RR HH24:MI:SS'),to_date('25-MAY-19 00:00:00','DD-MON-RR HH24:MI:SS'));
Insert into XX_AVAILABILITY (WAREHOUSE_ID,ITEM_ID,QUANTITY,CREATION_DATE,LAST_UPDATE_DATE) values (6,1,345,to_date('25-MAY-19 00:00:00','DD-MON-RR HH24:MI:SS'),to_date('25-MAY-19 00:00:00','DD-MON-RR HH24:MI:SS'));
Insert into XX_AVAILABILITY (WAREHOUSE_ID,ITEM_ID,QUANTITY,CREATION_DATE,LAST_UPDATE_DATE) values (8,1,345,to_date('25-MAY-19 00:00:00','DD-MON-RR HH24:MI:SS'),to_date('25-MAY-19 00:00:00','DD-MON-RR HH24:MI:SS'));
Insert into XX_AVAILABILITY (WAREHOUSE_ID,ITEM_ID,QUANTITY,CREATION_DATE,LAST_UPDATE_DATE) values (1,2,100,to_date('25-MAY-19 00:00:00','DD-MON-RR HH24:MI:SS'),to_date('25-MAY-19 00:00:00','DD-MON-RR HH24:MI:SS'));
Insert into XX_AVAILABILITY (WAREHOUSE_ID,ITEM_ID,QUANTITY,CREATION_DATE,LAST_UPDATE_DATE) values (2,2,90,to_date('25-MAY-19 00:00:00','DD-MON-RR HH24:MI:SS'),to_date('25-MAY-19 00:00:00','DD-MON-RR HH24:MI:SS'));
Insert into XX_AVAILABILITY (WAREHOUSE_ID,ITEM_ID,QUANTITY,CREATION_DATE,LAST_UPDATE_DATE) values (4,2,125,to_date('25-MAY-19 00:00:00','DD-MON-RR HH24:MI:SS'),to_date('25-MAY-19 00:00:00','DD-MON-RR HH24:MI:SS'));
Insert into XX_AVAILABILITY (WAREHOUSE_ID,ITEM_ID,QUANTITY,CREATION_DATE,LAST_UPDATE_DATE) values (6,2,345,to_date('25-MAY-19 00:00:00','DD-MON-RR HH24:MI:SS'),to_date('25-MAY-19 00:00:00','DD-MON-RR HH24:MI:SS'));
Insert into XX_AVAILABILITY (WAREHOUSE_ID,ITEM_ID,QUANTITY,CREATION_DATE,LAST_UPDATE_DATE) values (8,2,345,to_date('25-MAY-19 00:00:00','DD-MON-RR HH24:MI:SS'),to_date('25-MAY-19 00:00:00','DD-MON-RR HH24:MI:SS'));
Insert into XX_AVAILABILITY (WAREHOUSE_ID,ITEM_ID,QUANTITY,CREATION_DATE,LAST_UPDATE_DATE) values (1,3,34,to_date('25-MAY-19 00:00:00','DD-MON-RR HH24:MI:SS'),to_date('25-MAY-19 00:00:00','DD-MON-RR HH24:MI:SS'));
Insert into XX_AVAILABILITY (WAREHOUSE_ID,ITEM_ID,QUANTITY,CREATION_DATE,LAST_UPDATE_DATE) values (2,3,90,to_date('25-MAY-19 00:00:00','DD-MON-RR HH24:MI:SS'),to_date('25-MAY-19 00:00:00','DD-MON-RR HH24:MI:SS'));
Insert into XX_AVAILABILITY (WAREHOUSE_ID,ITEM_ID,QUANTITY,CREATION_DATE,LAST_UPDATE_DATE) values (4,3,125,to_date('25-MAY-19 00:00:00','DD-MON-RR HH24:MI:SS'),to_date('25-MAY-19 00:00:00','DD-MON-RR HH24:MI:SS'));
Insert into XX_AVAILABILITY (WAREHOUSE_ID,ITEM_ID,QUANTITY,CREATION_DATE,LAST_UPDATE_DATE) values (6,3,345,to_date('25-MAY-19 00:00:00','DD-MON-RR HH24:MI:SS'),to_date('25-MAY-19 00:00:00','DD-MON-RR HH24:MI:SS'));
Insert into XX_AVAILABILITY (WAREHOUSE_ID,ITEM_ID,QUANTITY,CREATION_DATE,LAST_UPDATE_DATE) values (8,3,345,to_date('25-MAY-19 00:00:00','DD-MON-RR HH24:MI:SS'),to_date('25-MAY-19 00:00:00','DD-MON-RR HH24:MI:SS'));
Insert into XX_AVAILABILITY (WAREHOUSE_ID,ITEM_ID,QUANTITY,CREATION_DATE,LAST_UPDATE_DATE) values (1,4,25,to_date('25-MAY-19 00:00:00','DD-MON-RR HH24:MI:SS'),to_date('25-MAY-19 00:00:00','DD-MON-RR HH24:MI:SS'));
Insert into XX_AVAILABILITY (WAREHOUSE_ID,ITEM_ID,QUANTITY,CREATION_DATE,LAST_UPDATE_DATE) values (2,4,90,to_date('25-MAY-19 00:00:00','DD-MON-RR HH24:MI:SS'),to_date('25-MAY-19 00:00:00','DD-MON-RR HH24:MI:SS'));
Insert into XX_AVAILABILITY (WAREHOUSE_ID,ITEM_ID,QUANTITY,CREATION_DATE,LAST_UPDATE_DATE) values (4,4,345,to_date('25-MAY-19 00:00:00','DD-MON-RR HH24:MI:SS'),to_date('25-MAY-19 00:00:00','DD-MON-RR HH24:MI:SS'));
Insert into XX_AVAILABILITY (WAREHOUSE_ID,ITEM_ID,QUANTITY,CREATION_DATE,LAST_UPDATE_DATE) values (6,4,345,to_date('25-MAY-19 00:00:00','DD-MON-RR HH24:MI:SS'),to_date('25-MAY-19 00:00:00','DD-MON-RR HH24:MI:SS'));
Insert into XX_AVAILABILITY (WAREHOUSE_ID,ITEM_ID,QUANTITY,CREATION_DATE,LAST_UPDATE_DATE) values (8,4,345,to_date('25-MAY-19 00:00:00','DD-MON-RR HH24:MI:SS'),to_date('25-MAY-19 00:00:00','DD-MON-RR HH24:MI:SS'));
Insert into XX_AVAILABILITY (WAREHOUSE_ID,ITEM_ID,QUANTITY,CREATION_DATE,LAST_UPDATE_DATE) values (1,5,69,to_date('25-MAY-19 00:00:00','DD-MON-RR HH24:MI:SS'),to_date('25-MAY-19 00:00:00','DD-MON-RR HH24:MI:SS'));
Insert into XX_AVAILABILITY (WAREHOUSE_ID,ITEM_ID,QUANTITY,CREATION_DATE,LAST_UPDATE_DATE) values (2,5,90,to_date('25-MAY-19 00:00:00','DD-MON-RR HH24:MI:SS'),to_date('25-MAY-19 00:00:00','DD-MON-RR HH24:MI:SS'));
Insert into XX_AVAILABILITY (WAREHOUSE_ID,ITEM_ID,QUANTITY,CREATION_DATE,LAST_UPDATE_DATE) values (4,5,345,to_date('25-MAY-19 00:00:00','DD-MON-RR HH24:MI:SS'),to_date('25-MAY-19 00:00:00','DD-MON-RR HH24:MI:SS'));
Insert into XX_AVAILABILITY (WAREHOUSE_ID,ITEM_ID,QUANTITY,CREATION_DATE,LAST_UPDATE_DATE) values (6,5,345,to_date('25-MAY-19 00:00:00','DD-MON-RR HH24:MI:SS'),to_date('25-MAY-19 00:00:00','DD-MON-RR HH24:MI:SS'));
Insert into XX_AVAILABILITY (WAREHOUSE_ID,ITEM_ID,QUANTITY,CREATION_DATE,LAST_UPDATE_DATE) values (8,5,345,to_date('25-MAY-19 00:00:00','DD-MON-RR HH24:MI:SS'),to_date('25-MAY-19 00:00:00','DD-MON-RR HH24:MI:SS'));
Insert into XX_AVAILABILITY (WAREHOUSE_ID,ITEM_ID,QUANTITY,CREATION_DATE,LAST_UPDATE_DATE) values (1,6,90,to_date('25-MAY-19 00:00:00','DD-MON-RR HH24:MI:SS'),to_date('25-MAY-19 00:00:00','DD-MON-RR HH24:MI:SS'));
Insert into XX_AVAILABILITY (WAREHOUSE_ID,ITEM_ID,QUANTITY,CREATION_DATE,LAST_UPDATE_DATE) values (2,6,90,to_date('25-MAY-19 00:00:00','DD-MON-RR HH24:MI:SS'),to_date('25-MAY-19 00:00:00','DD-MON-RR HH24:MI:SS'));
Insert into XX_AVAILABILITY (WAREHOUSE_ID,ITEM_ID,QUANTITY,CREATION_DATE,LAST_UPDATE_DATE) values (4,6,345,to_date('25-MAY-19 00:00:00','DD-MON-RR HH24:MI:SS'),to_date('25-MAY-19 00:00:00','DD-MON-RR HH24:MI:SS'));
Insert into XX_AVAILABILITY (WAREHOUSE_ID,ITEM_ID,QUANTITY,CREATION_DATE,LAST_UPDATE_DATE) values (8,6,345,to_date('25-MAY-19 00:00:00','DD-MON-RR HH24:MI:SS'),to_date('25-MAY-19 00:00:00','DD-MON-RR HH24:MI:SS'));

Insert into XX_WAREHOUSE (WAREHOUSE_ID,WAREHOUSE_NAME,CAPACITY,UNIT,CREATION_DATE,LAST_UPDATE_DATE) values (1,'Riga Warehouse',10000,'pcs',to_date('25-MAY-19 00:00:00','DD-MON-RR HH24:MI:SS'),to_date('25-MAY-19 00:00:00','DD-MON-RR HH24:MI:SS'));
Insert into XX_WAREHOUSE (WAREHOUSE_ID,WAREHOUSE_NAME,CAPACITY,UNIT,CREATION_DATE,LAST_UPDATE_DATE) values (2,'Sigulda Warehouse',5000,'pcs',to_date('16-FEB-18 00:00:00','DD-MON-RR HH24:MI:SS'),to_date('16-FEB-18 00:00:00','DD-MON-RR HH24:MI:SS'));
Insert into XX_WAREHOUSE (WAREHOUSE_ID,WAREHOUSE_NAME,CAPACITY,UNIT,CREATION_DATE,LAST_UPDATE_DATE) values (3,'Cesis Warehouse',3000,'pcs',to_date('12-DEC-17 00:00:00','DD-MON-RR HH24:MI:SS'),to_date('12-DEC-17 00:00:00','DD-MON-RR HH24:MI:SS'));
Insert into XX_WAREHOUSE (WAREHOUSE_ID,WAREHOUSE_NAME,CAPACITY,UNIT,CREATION_DATE,LAST_UPDATE_DATE) values (4,'London Warehouse',15000,'pcs',to_date('11-AUG-16 00:00:00','DD-MON-RR HH24:MI:SS'),to_date('11-AUG-16 00:00:00','DD-MON-RR HH24:MI:SS'));
Insert into XX_WAREHOUSE (WAREHOUSE_ID,WAREHOUSE_NAME,CAPACITY,UNIT,CREATION_DATE,LAST_UPDATE_DATE) values (5,'Berlin Warehouse',20000,'pcs',to_date('30-JAN-15 00:00:00','DD-MON-RR HH24:MI:SS'),to_date('30-JAN-15 00:00:00','DD-MON-RR HH24:MI:SS'));
Insert into XX_WAREHOUSE (WAREHOUSE_ID,WAREHOUSE_NAME,CAPACITY,UNIT,CREATION_DATE,LAST_UPDATE_DATE) values (6,'Prague Warehouse',8000,'pcs',to_date('11-MAY-14 00:00:00','DD-MON-RR HH24:MI:SS'),to_date('11-MAY-14 00:00:00','DD-MON-RR HH24:MI:SS'));
Insert into XX_WAREHOUSE (WAREHOUSE_ID,WAREHOUSE_NAME,CAPACITY,UNIT,CREATION_DATE,LAST_UPDATE_DATE) values (7,'Tokyo Warehouse',5000,'pcs',to_date('12-OCT-13 00:00:00','DD-MON-RR HH24:MI:SS'),to_date('12-OCT-13 00:00:00','DD-MON-RR HH24:MI:SS'));
Insert into XX_WAREHOUSE (WAREHOUSE_ID,WAREHOUSE_NAME,CAPACITY,UNIT,CREATION_DATE,LAST_UPDATE_DATE) values (8,'Milan Warehouse',16000,'pcs',to_date('01-JAN-12 00:00:00','DD-MON-RR HH24:MI:SS'),to_date('01-JAN-12 00:00:00','DD-MON-RR HH24:MI:SS'));
Insert into XX_WAREHOUSE (WAREHOUSE_ID,WAREHOUSE_NAME,CAPACITY,UNIT,CREATION_DATE,LAST_UPDATE_DATE) values (9,'Madrid Warehouse',45000,'pcs',to_date('27-JUN-11 00:00:00','DD-MON-RR HH24:MI:SS'),to_date('27-JUN-11 00:00:00','DD-MON-RR HH24:MI:SS'));
Insert into XX_WAREHOUSE (WAREHOUSE_ID,WAREHOUSE_NAME,CAPACITY,UNIT,CREATION_DATE,LAST_UPDATE_DATE) values (10,'Barcelona Warehouse',20000,'pcs',to_date('18-MAR-19 00:00:00','DD-MON-RR HH24:MI:SS'),to_date('18-MAR-19 00:00:00','DD-MON-RR HH24:MI:SS'));
